Year,Parent,Child,ID
2008,문화·예술 리뷰,드라마·방송,funkstyle
2008,문화·예술 리뷰,드라마·방송,hoja216
2008,문화·예술 리뷰,드라마·방송,dushess77
2008,문화·예술 리뷰,드라마·방송,abiubi
2008,문화·예술 리뷰,드라마·방송,film1982
2008,문화·예술 리뷰,드라마·방송,vitamin_leo
2008,문화·예술 리뷰,만화·애니,sec1021
2008,문화·예술 리뷰,만화·애니,tomstrong
2008,문화·예술 리뷰,만화·애니,choiys1989
2008,문화·예술 리뷰,만화·애니,connell3
2008,문화·예술 리뷰,만화·애니,slam_tank
2008,여행·레저·지역,등산·낚시·레저,james0117
2008,여행·레저·지역,등산·낚시·레저,spdman7
2008,여행·레저·지역,등산·낚시·레저,okaban
2008,여행·레저·지역,등산·낚시·레저,p258963
2008,여행·레저·지역,등산·낚시·레저,tktj13
2008,여행·레저·지역,등산·낚시·레저,ndworld
2008,여행·레저·지역,등산·낚시·레저,kl35250kl
2008,맛집·식도락,맛집,chmade
2008,맛집·식도락,맛집,paperchan
2008,맛집·식도락,맛집,hilander
2008,맛집·식도락,맛집,jsjung1999
2008,맛집·식도락,맛집,for40
2008,맛집·식도락,맛집,mike8283
2008,맛집·식도락,맛집,knockya
2008,맛집·식도락,맛집,begopa1092
2008,맛집·식도락,맛집,emotion100
2008,맛집·식도락,맛집,melburne
2008,맛집·식도락,맛집,hikhi
2008,맛집·식도락,맛집,sisilykim
2008,맛집·식도락,맛집,mardukas
2008,맛집·식도락,맛집,28ssan
2008,맛집·식도락,맛집,yjoshjh
2008,맛집·식도락,맛집,moonfrost
2008,맛집·식도락,맛집,laputaa
2008,맛집·식도락,맛집,sthe2002
2008,맛집·식도락,맛집,ssojupa68
2008,맛집·식도락,맛집,dghomepp
2008,맛집·식도락,맛집,luke_suh
2008,맛집·식도락,맛집,ryanjoh
2008,맛집·식도락,맛집,rena1001
2008,맛집·식도락,맛집,kosmose7
2008,맛집·식도락,맛집,lamp5861
2008,맛집·식도락,맛집,this1074
2008,맛집·식도락,맛집,trullytrue
2008,맛집·식도락,맛집,busanwhere
2008,맛집·식도락,맛집,symin67
2008,맛집·식도락,맛집,yesican1
2008,맛집·식도락,맛집,unicorns7
2008,맛집·식도락,맛집,sohye0416
2008,맛집·식도락,맛집,machassa
2008,맛집·식도락,맛집,odoldodol96
2008,맛집·식도락,맛집,alex514
2008,맛집·식도락,맛집,bodyout
2008,맛집·식도락,맛집,kidedekk
2008,맛집·식도락,맛집,dentpjh
2008,맛집·식도락,맛집,dndus01
2008,맛집·식도락,맛집,sofia85
2008,맛집·식도락,맛집,fluorescence
2008,맛집·식도락,맛집,joowoo5
2008,맛집·식도락,맛집,thecloisters
2008,맛집·식도락,맛집,pat2bach
2008,맛집·식도락,와인·술,mercyblu
2008,맛집·식도락,와인·술,josephkwon
2008,맛집·식도락,와인·술,scotthana
2008,맛집·식도락,와인·술,wkjesq
2008,맛집·식도락,와인·술,hahnn1
2008,맛집·식도락,차·커피·디저트,newgogi
2008,맛집·식도락,차·커피·디저트,whitepema
2008,맛집·식도락,차·커피·디저트,jjininimms
2008,맛집·식도락,차·커피·디저트,2052sun
2008,맛집·식도락,차·커피·디저트,limej
2008,맛집·식도락,차·커피·디저트,frankyou
2008,맛집·식도락,차·커피·디저트,bnetty
2008,맛집·식도락,차·커피·디저트,daropa7
2008,맛집·식도락,차·커피·디저트,seohs0229
2008,사진·창작·수집,사진,amabella
2008,사진·창작·수집,사진,wjd949494
2008,사진·창작·수집,사진,mummy18
2008,사진·창작·수집,사진,shootar
2008,사진·창작·수집,사진,lsy5088
2008,사진·창작·수집,사진,bono1092
2008,사진·창작·수집,사진,dghahn
2008,사진·창작·수집,사진,sapawind
2008,사진·창작·수집,사진,ultrabat
2008,사진·창작·수집,사진,olivepage
2008,사진·창작·수집,사진,leepari
2008,사진·창작·수집,사진,haenggu
2008,사진·창작·수집,사진,bigway22
2008,사진·창작·수집,사진,deathrock
2008,사진·창작·수집,사진,offlove
2008,사진·창작·수집,사진,sylph58
2008,사진·창작·수집,사진,hugo21c
2008,사진·창작·수집,사진,bluerorqual
2008,사진·창작·수집,사진,basssagong
2008,사진·창작·수집,사진,anniestory
2008,사진·창작·수집,사진,muzzee
2008,사진·창작·수집,사진,nikkonman
2008,사진·창작·수집,사진,tuckun
2008,사진·창작·수집,사진,goodcdi
2008,사진·창작·수집,사진,zinie
2008,사진·창작·수집,사진,sukezzang
2008,사진·창작·수집,사진,woojtjt
2008,사진·창작·수집,사진,mslink
2008,사진·창작·수집,사진,novin
2008,사진·창작·수집,사진,adchang1
2008,사진·창작·수집,사진,bomok6963
2008,사진·창작·수집,사진,73052611
2008,사진·창작·수집,사진,kjk_1293
2008,사진·창작·수집,사진,yangmj
2008,사진·창작·수집,사진,cglee1498
2008,사진·창작·수집,사진,mbcmbo
2008,사진·창작·수집,사진,teddynamu
2008,사진·창작·수집,사진,dayvk0920
2008,사진·창작·수집,사진,snowrem
2008,사진·창작·수집,사진,clsign
2008,사진·창작·수집,사진,innokang
2008,사진·창작·수집,사진,77attic
2008,사진·창작·수집,사진,iofyou
2008,사진·창작·수집,사진,myungeleanor
2008,사진·창작·수집,사진,joowon77
2008,사진·창작·수집,사진,ditodqpf
2008,사진·창작·수집,사진,photoky
2008,IT·스포츠·자동차 ,IT·컴퓨터,blue9954
2008,IT·스포츠·자동차 ,IT·컴퓨터,kickthebaby
2008,IT·스포츠·자동차 ,IT·컴퓨터,gizmoblog
2008,IT·스포츠·자동차 ,IT·컴퓨터,hakunamata2
2008,IT·스포츠·자동차 ,IT·컴퓨터,kandol55
2008,IT·스포츠·자동차 ,IT·컴퓨터,acsnothing
2008,IT·스포츠·자동차 ,IT·컴퓨터,y104cm
2008,IT·스포츠·자동차 ,스포츠,townsley
2008,IT·스포츠·자동차 ,스포츠,galaticos
2008,IT·스포츠·자동차 ,스포츠,ballfour
2008,IT·스포츠·자동차 ,스포츠,hidakaryo
2008,IT·스포츠·자동차 ,스포츠,hcr333
2008,IT·스포츠·자동차 ,스포츠,minkiza
2008,IT·스포츠·자동차 ,스포츠,generlst
2008,IT·스포츠·자동차 ,자동차,kohaku3533
2008,IT·스포츠·자동차 ,자동차,nbarice
2008,IT·스포츠·자동차 ,자동차,kksstudio
2008,IT·스포츠·자동차 ,자동차,taelimk1
2008,IT·스포츠·자동차 ,자동차,ketosi83
2008,학술·시사·경제·교육,시사·인문·경제,gaajur
2008,학술·시사·경제·교육,시사·인문·경제,sunonthetree
2008,학술·시사·경제·교육,시사·인문·경제,suckee
2008,학술·시사·경제·교육,시사·인문·경제,sjhannah
2008,학술·시사·경제·교육,시사·인문·경제,smoker3
2008,학술·시사·경제·교육,시사·인문·경제,wolf3322
2008,학술·시사·경제·교육,시사·인문·경제,pamina7776
2008,학술·시사·경제·교육,시사·인문·경제,xqon1
2008,학술·시사·경제·교육,시사·인문·경제,cognaria
2008,학술·시사·경제·교육,시사·인문·경제,dr_s
2008,학술·시사·경제·교육,시사·인문·경제,yekus
2008,학술·시사·경제·교육,시사·인문·경제,oneidjack
2008,학술·시사·경제·교육,시사·인문·경제,jhkim1909
2008,학술·시사·경제·교육,시사·인문·경제,pratt1977
2008,학술·시사·경제·교육,시사·인문·경제,yupspd
2008,요리·인테리어·DIY·뷰티,패션·뷰티,arame07
2008,요리·인테리어·DIY·뷰티,패션·뷰티,haruna85
2008,요리·인테리어·DIY·뷰티,패션·뷰티,zrlol87
2008,요리·인테리어·DIY·뷰티,패션·뷰티,tonyforlife
2008,요리·인테리어·DIY·뷰티,패션·뷰티,wktmals0728
2008,요리·인테리어·DIY·뷰티,패션·뷰티,alann
2008,요리·인테리어·DIY·뷰티,패션·뷰티,xhddur08
2008,요리·인테리어·DIY·뷰티,패션·뷰티,olive67
2008,요리·인테리어·DIY·뷰티,패션·뷰티,tajoa27
2008,요리·인테리어·DIY·뷰티,패션·뷰티,gustosignore
2009,문화·예술 리뷰,드라마·방송,funkstyle
2009,문화·예술 리뷰,드라마·방송,hoja216
2009,문화·예술 리뷰,드라마·방송,dushess77
2009,문화·예술 리뷰,드라마·방송,abiubi
2009,문화·예술 리뷰,드라마·방송,film1982
2009,문화·예술 리뷰,드라마·방송,dustnrkff
2009,문화·예술 리뷰,드라마·방송,vitamin_leo
2009,문화·예술 리뷰,만화·애니,choiys1989
2009,문화·예술 리뷰,만화·애니,sec1021
2009,문화·예술 리뷰,만화·애니,tomstrong
2009,문화·예술 리뷰,만화·애니,k2zeby
2009,문화·예술 리뷰,만화·애니,connell3
2009,문화·예술 리뷰,만화·애니,slam_tank
2009,여행·레저·지역,등산·낚시·레저,james0117
2009,여행·레저·지역,등산·낚시·레저,spdman7
2009,여행·레저·지역,등산·낚시·레저,okaban
2009,여행·레저·지역,등산·낚시·레저,p258963
2009,여행·레저·지역,등산·낚시·레저,tktj13
2009,여행·레저·지역,등산·낚시·레저,force_7
2009,여행·레저·지역,등산·낚시·레저,ndworld
2009,여행·레저·지역,등산·낚시·레저,kl35250kl
2009,맛집·식도락,맛집,chmade
2009,맛집·식도락,맛집,paperchan
2009,맛집·식도락,맛집,g0heaven
2009,맛집·식도락,맛집,hilander
2009,맛집·식도락,맛집,jsjung1999
2009,맛집·식도락,맛집,for40
2009,맛집·식도락,맛집,mike8283
2009,맛집·식도락,맛집,bbinemo
2009,맛집·식도락,맛집,knockya
2009,맛집·식도락,맛집,begopa1092
2009,맛집·식도락,맛집,emotion100
2009,맛집·식도락,맛집,melburne
2009,맛집·식도락,맛집,hikhi
2009,맛집·식도락,맛집,sisilykim
2009,맛집·식도락,맛집,goldped
2009,맛집·식도락,맛집,mardukas
2009,맛집·식도락,맛집,28ssan
2009,맛집·식도락,맛집,yjoshjh
2009,맛집·식도락,맛집,moonfrost
2009,맛집·식도락,맛집,laputaa
2009,맛집·식도락,맛집,sthe2002
2009,맛집·식도락,맛집,ssojupa68
2009,맛집·식도락,맛집,dghomepp
2009,맛집·식도락,맛집,85miree
2009,맛집·식도락,맛집,luke_suh
2009,맛집·식도락,맛집,ryanjoh
2009,맛집·식도락,맛집,rena1001
2009,맛집·식도락,맛집,kosmose7
2009,맛집·식도락,맛집,lamp5861
2009,맛집·식도락,맛집,this1074
2009,맛집·식도락,맛집,nomark05
2009,맛집·식도락,맛집,trullytrue
2009,맛집·식도락,맛집,piattobak
2009,맛집·식도락,맛집,busanwhere
2009,맛집·식도락,맛집,symin67
2009,맛집·식도락,맛집,yesican1
2009,맛집·식도락,맛집,unicorns7
2009,맛집·식도락,맛집,sohye0416
2009,맛집·식도락,맛집,machassa
2009,맛집·식도락,맛집,odoldodol96
2009,맛집·식도락,맛집,alex514
2009,맛집·식도락,맛집,bodyout
2009,맛집·식도락,맛집,kidedekk
2009,맛집·식도락,맛집,magiques
2009,맛집·식도락,맛집,dentpjh
2009,맛집·식도락,맛집,dndus01
2009,맛집·식도락,맛집,sofia85
2009,맛집·식도락,맛집,fluorescence
2009,맛집·식도락,맛집,joowoo5
2009,맛집·식도락,맛집,thecloisters
2009,맛집·식도락,맛집,pat2bach
2009,맛집·식도락,와인·술,mercyblu
2009,맛집·식도락,와인·술,josephkwon
2009,맛집·식도락,와인·술,scotthana
2009,맛집·식도락,와인·술,mmatom
2009,맛집·식도락,와인·술,wkjesq
2009,맛집·식도락,와인·술,hahnn1
2009,맛집·식도락,차·커피·디저트,jjininimms
2009,맛집·식도락,차·커피·디저트,newgogi
2009,맛집·식도락,차·커피·디저트,bona98
2009,맛집·식도락,차·커피·디저트,whitepema
2009,맛집·식도락,차·커피·디저트,2052sun
2009,맛집·식도락,차·커피·디저트,limej
2009,맛집·식도락,차·커피·디저트,frankyou
2009,맛집·식도락,차·커피·디저트,rudgns3672
2009,맛집·식도락,차·커피·디저트,bnetty
2009,맛집·식도락,차·커피·디저트,daropa7
2009,맛집·식도락,차·커피·디저트,seohs0229
2009,사진·창작·수집,사진,sukezzang
2009,사진·창작·수집,사진,amabella
2009,사진·창작·수집,사진,wjd949494
2009,사진·창작·수집,사진,mummy18
2009,사진·창작·수집,사진,bearsjhj
2009,사진·창작·수집,사진,shootar
2009,사진·창작·수집,사진,korail77
2009,사진·창작·수집,사진,lsy5088
2009,사진·창작·수집,사진,bono1092
2009,사진·창작·수집,사진,dghahn
2009,사진·창작·수집,사진,sapawind
2009,사진·창작·수집,사진,ultrabat
2009,사진·창작·수집,사진,olivepage
2009,사진·창작·수집,사진,amazonesja
2009,사진·창작·수집,사진,2abc56e
2009,사진·창작·수집,사진,leepari
2009,사진·창작·수집,사진,haenggu
2009,사진·창작·수집,사진,bigway22
2009,사진·창작·수집,사진,deathrock
2009,사진·창작·수집,사진,offlove
2009,사진·창작·수집,사진,sylph58
2009,사진·창작·수집,사진,hugo21c
2009,사진·창작·수집,사진,bluerorqual
2009,사진·창작·수집,사진,worusa0070
2009,사진·창작·수집,사진,basssagong
2009,사진·창작·수집,사진,anniestory
2009,사진·창작·수집,사진,nomad777
2009,사진·창작·수집,사진,muzzee
2009,사진·창작·수집,사진,jcmans
2009,사진·창작·수집,사진,nikkonman
2009,사진·창작·수집,사진,tuckun
2009,사진·창작·수집,사진,kimkb87
2009,사진·창작·수집,사진,goodcdi
2009,사진·창작·수집,사진,bluenova00
2009,사진·창작·수집,사진,zinie
2009,사진·창작·수집,사진,woojtjt
2009,사진·창작·수집,사진,mslink
2009,사진·창작·수집,사진,novin
2009,사진·창작·수집,사진,adchang1
2009,사진·창작·수집,사진,bomok6963
2009,사진·창작·수집,사진,73052611
2009,사진·창작·수집,사진,kjk_1293
2009,사진·창작·수집,사진,yangmj
2009,사진·창작·수집,사진,cglee1498
2009,사진·창작·수집,사진,mbcmbo
2009,사진·창작·수집,사진,youngulll
2009,사진·창작·수집,사진,teddynamu
2009,사진·창작·수집,사진,dayvk0920
2009,사진·창작·수집,사진,leesh438
2009,사진·창작·수집,사진,snowrem
2009,사진·창작·수집,사진,clsign
2009,사진·창작·수집,사진,innokang
2009,사진·창작·수집,사진,77attic
2009,사진·창작·수집,사진,iofyou
2009,사진·창작·수집,사진,myungeleanor
2009,사진·창작·수집,사진,joowon77
2009,사진·창작·수집,사진,ditodqpf
2009,사진·창작·수집,사진,myrhythm
2009,사진·창작·수집,사진,photoky
2009,IT·스포츠·자동차 ,IT·컴퓨터,pupple0415
2009,IT·스포츠·자동차 ,IT·컴퓨터,blue9954
2009,IT·스포츠·자동차 ,IT·컴퓨터,kickthebaby
2009,IT·스포츠·자동차 ,IT·컴퓨터,gizmoblog
2009,IT·스포츠·자동차 ,IT·컴퓨터,itexpert2007
2009,IT·스포츠·자동차 ,IT·컴퓨터,hakunamata2
2009,IT·스포츠·자동차 ,IT·컴퓨터,kandol55
2009,IT·스포츠·자동차 ,IT·컴퓨터,chomolanma
2009,IT·스포츠·자동차 ,IT·컴퓨터,goodreview
2009,IT·스포츠·자동차 ,IT·컴퓨터,acsnothing
2009,IT·스포츠·자동차 ,IT·컴퓨터,59hjh
2009,IT·스포츠·자동차 ,IT·컴퓨터,y104cm
2009,IT·스포츠·자동차 ,IT·컴퓨터,namfx
2009,IT·스포츠·자동차 ,스포츠,rap1324
2009,IT·스포츠·자동차 ,스포츠,townsley
2009,IT·스포츠·자동차 ,스포츠,woksusu
2009,IT·스포츠·자동차 ,스포츠,kiltie999
2009,IT·스포츠·자동차 ,스포츠,galaticos
2009,IT·스포츠·자동차 ,스포츠,ballfour
2009,IT·스포츠·자동차 ,스포츠,hidakaryo
2009,IT·스포츠·자동차 ,스포츠,inoue31
2009,IT·스포츠·자동차 ,스포츠,hcr333
2009,IT·스포츠·자동차 ,스포츠,minkiza
2009,IT·스포츠·자동차 ,스포츠,generlst
2009,IT·스포츠·자동차 ,자동차,kohaku3533
2009,IT·스포츠·자동차 ,자동차,nbarice
2009,IT·스포츠·자동차 ,자동차,ljh8681
2009,IT·스포츠·자동차 ,자동차,benet709
2009,IT·스포츠·자동차 ,자동차,qkrghdwns123
2009,IT·스포츠·자동차 ,자동차,kksstudio
2009,IT·스포츠·자동차 ,자동차,joyrde
2009,IT·스포츠·자동차 ,자동차,motorblog
2009,IT·스포츠·자동차 ,자동차,taelimk1
2009,IT·스포츠·자동차 ,자동차,ketosi83
2009,학술·시사·경제·교육,시사·인문·경제,gaajur
2009,학술·시사·경제·교육,시사·인문·경제,sunonthetree
2009,학술·시사·경제·교육,시사·인문·경제,suckee
2009,학술·시사·경제·교육,시사·인문·경제,sjhannah
2009,학술·시사·경제·교육,시사·인문·경제,smoker3
2009,학술·시사·경제·교육,시사·인문·경제,wolf3322
2009,학술·시사·경제·교육,시사·인문·경제,kimglobal
2009,학술·시사·경제·교육,시사·인문·경제,pamina7776
2009,학술·시사·경제·교육,시사·인문·경제,xqon1
2009,학술·시사·경제·교육,시사·인문·경제,saintcomf
2009,학술·시사·경제·교육,시사·인문·경제,cognaria
2009,학술·시사·경제·교육,시사·인문·경제,dr_s
2009,학술·시사·경제·교육,시사·인문·경제,ybh820518
2009,학술·시사·경제·교육,시사·인문·경제,yekus
2009,학술·시사·경제·교육,시사·인문·경제,oneidjack
2009,학술·시사·경제·교육,시사·인문·경제,zzang1847
2009,학술·시사·경제·교육,시사·인문·경제,2009dongjin
2009,학술·시사·경제·교육,시사·인문·경제,jhkim1909
2009,학술·시사·경제·교육,시사·인문·경제,xhsja
2009,학술·시사·경제·교육,시사·인문·경제,pratt1977
2009,학술·시사·경제·교육,시사·인문·경제,yupspd
2009,요리·인테리어·DIY·뷰티,패션·뷰티,arame07
2009,요리·인테리어·DIY·뷰티,패션·뷰티,llmement
2009,요리·인테리어·DIY·뷰티,패션·뷰티,haruna85
2009,요리·인테리어·DIY·뷰티,패션·뷰티,zrlol87
2009,요리·인테리어·DIY·뷰티,패션·뷰티,herbnoori
2009,요리·인테리어·DIY·뷰티,패션·뷰티,wkd03188
2009,요리·인테리어·DIY·뷰티,패션·뷰티,tonyforlife
2009,요리·인테리어·DIY·뷰티,패션·뷰티,invu1657
2009,요리·인테리어·DIY·뷰티,패션·뷰티,weinnie
2009,요리·인테리어·DIY·뷰티,패션·뷰티,wktmals0728
2009,요리·인테리어·DIY·뷰티,패션·뷰티,alann
2009,요리·인테리어·DIY·뷰티,패션·뷰티,xhddur08
2009,요리·인테리어·DIY·뷰티,패션·뷰티,olive67
2009,요리·인테리어·DIY·뷰티,패션·뷰티,hime0215
2009,요리·인테리어·DIY·뷰티,패션·뷰티,piafpiaf
2009,요리·인테리어·DIY·뷰티,패션·뷰티,tajoa27
2009,요리·인테리어·DIY·뷰티,패션·뷰티,gustosignore
2009,요리·인테리어·DIY·뷰티,패션·뷰티,sinisinisini
2010,문화·예술 리뷰,드라마·방송,funkstyle
2010,문화·예술 리뷰,드라마·방송,hoja216
2010,문화·예술 리뷰,드라마·방송,film1982
2010,문화·예술 리뷰,드라마·방송,dustnrkff
2010,문화·예술 리뷰,만화·애니,sec1021
2010,문화·예술 리뷰,만화·애니,tomstrong
2010,문화·예술 리뷰,만화·애니,enterani
2010,문화·예술 리뷰,만화·애니,goku2002
2010,여행·레저·지역,등산·낚시·레저,ds2ldg
2010,여행·레저·지역,등산·낚시·레저,jec1472
2010,여행·레저·지역,등산·낚시·레저,spdman7
2010,여행·레저·지역,등산·낚시·레저,jnlss
2010,여행·레저·지역,등산·낚시·레저,okaban
2010,여행·레저·지역,등산·낚시·레저,tktj13
2010,여행·레저·지역,등산·낚시·레저,madecolor
2010,여행·레저·지역,등산·낚시·레저,ndworld
2010,여행·레저·지역,등산·낚시·레저,lhl662
2010,맛집·식도락,맛집,jsjung1999
2010,맛집·식도락,맛집,yjoshjh
2010,맛집·식도락,맛집,cozy95
2010,맛집·식도락,맛집,paperchan
2010,맛집·식도락,맛집,g0heaven
2010,맛집·식도락,맛집,kyle1kim
2010,맛집·식도락,맛집,hilander
2010,맛집·식도락,맛집,jaedolls
2010,맛집·식도락,맛집,begopa1092
2010,맛집·식도락,맛집,emotion100
2010,맛집·식도락,맛집,melburne
2010,맛집·식도락,맛집,hikhi
2010,맛집·식도락,맛집,goldped
2010,맛집·식도락,맛집,mardukas
2010,맛집·식도락,맛집,laputaa
2010,맛집·식도락,맛집,emptyh
2010,맛집·식도락,맛집,sthe2002
2010,맛집·식도락,맛집,ssojupa68
2010,맛집·식도락,맛집,dghomepp
2010,맛집·식도락,맛집,85miree
2010,맛집·식도락,맛집,ryanjoh
2010,맛집·식도락,맛집,rena1001
2010,맛집·식도락,맛집,kosmose7
2010,맛집·식도락,맛집,disse77
2010,맛집·식도락,맛집,lamp5861
2010,맛집·식도락,맛집,this1074
2010,맛집·식도락,맛집,nomark05
2010,맛집·식도락,맛집,piattobak
2010,맛집·식도락,맛집,symin67
2010,맛집·식도락,맛집,abraxasblog
2010,맛집·식도락,맛집,unicorns7
2010,맛집·식도락,맛집,dlfdhtk00
2010,맛집·식도락,맛집,seyu2000
2010,맛집·식도락,맛집,odoldodol96
2010,맛집·식도락,맛집,alex514
2010,맛집·식도락,맛집,kidedekk
2010,맛집·식도락,맛집,magiques
2010,맛집·식도락,맛집,fluorescence
2010,맛집·식도락,맛집,psotoo
2010,맛집·식도락,맛집,ppk1730
2010,맛집·식도락,맛집,pat2bach
2010,맛집·식도락,와인·술,scotthana
2010,맛집·식도락,와인·술,mmatom
2010,맛집·식도락,와인·술,winefox
2010,맛집·식도락,와인·술,darkbior
2010,맛집·식도락,와인·술,hahnn1
2010,맛집·식도락,차·커피·디저트,okiecookie1
2010,맛집·식도락,차·커피·디저트,jjininimms
2010,맛집·식도락,차·커피·디저트,newgogi
2010,맛집·식도락,차·커피·디저트,bona98
2010,맛집·식도락,차·커피·디저트,alexj1005
2010,맛집·식도락,차·커피·디저트,whitepema
2010,맛집·식도락,차·커피·디저트,enhance15
2010,맛집·식도락,차·커피·디저트,cider99
2010,맛집·식도락,차·커피·디저트,frankyou
2010,맛집·식도락,차·커피·디저트,ypjuniro
2010,맛집·식도락,차·커피·디저트,rudgns3672
2010,맛집·식도락,차·커피·디저트,joowoo5
2010,사진·창작·수집,사진,mink223
2010,사진·창작·수집,사진,byhokim68
2010,사진·창작·수집,사진,bearsjhj
2010,사진·창작·수집,사진,korail77
2010,사진·창작·수집,사진,lsy5088
2010,사진·창작·수집,사진,sapawind
2010,사진·창작·수집,사진,gotocheol
2010,사진·창작·수집,사진,icdie00
2010,사진·창작·수집,사진,amazonesja
2010,사진·창작·수집,사진,2abc56e
2010,사진·창작·수집,사진,ssoosseehhnn
2010,사진·창작·수집,사진,icarru
2010,사진·창작·수집,사진,suni2park
2010,사진·창작·수집,사진,ckfzkrl
2010,사진·창작·수집,사진,ssychk
2010,사진·창작·수집,사진,pungsu2000
2010,사진·창작·수집,사진,shany25
2010,사진·창작·수집,사진,kimmoonkyu07
2010,사진·창작·수집,사진,yis2002000
2010,사진·창작·수집,사진,garbeekr
2010,사진·창작·수집,사진,worusa0070
2010,사진·창작·수집,사진,jtown91
2010,사진·창작·수집,사진,nomad777
2010,사진·창작·수집,사진,jcmans
2010,사진·창작·수집,사진,nikkonman
2010,사진·창작·수집,사진,reason315
2010,사진·창작·수집,사진,kimkb87
2010,사진·창작·수집,사진,bluenova00
2010,사진·창작·수집,사진,mistermet
2010,사진·창작·수집,사진,73052611
2010,사진·창작·수집,사진,namtimothy
2010,사진·창작·수집,사진,dayvk0920
2010,사진·창작·수집,사진,leesh438
2010,사진·창작·수집,사진,onemoon2
2010,사진·창작·수집,사진,innokang
2010,사진·창작·수집,사진,joowon77
2010,사진·창작·수집,사진,ditodqpf
2010,사진·창작·수집,사진,coolpix5150
2010,사진·창작·수집,사진,photoky
2010,IT·스포츠·자동차 ,IT·컴퓨터,virgin0909
2010,IT·스포츠·자동차 ,IT·컴퓨터,pupple0415
2010,IT·스포츠·자동차 ,IT·컴퓨터,blue9954
2010,IT·스포츠·자동차 ,IT·컴퓨터,feena74
2010,IT·스포츠·자동차 ,IT·컴퓨터,ddism2686
2010,IT·스포츠·자동차 ,IT·컴퓨터,dicagallery
2010,IT·스포츠·자동차 ,IT·컴퓨터,speed2614
2010,IT·스포츠·자동차 ,IT·컴퓨터,radiobj5
2010,IT·스포츠·자동차 ,IT·컴퓨터,fstory97
2010,IT·스포츠·자동차 ,IT·컴퓨터,silverjack
2010,IT·스포츠·자동차 ,IT·컴퓨터,chomolanma
2010,IT·스포츠·자동차 ,IT·컴퓨터,goodreview
2010,IT·스포츠·자동차 ,IT·컴퓨터,59hjh
2010,IT·스포츠·자동차 ,IT·컴퓨터,namfx
2010,IT·스포츠·자동차 ,스포츠,townsley
2010,IT·스포츠·자동차 ,스포츠,woksusu
2010,IT·스포츠·자동차 ,스포츠,ballfour
2010,IT·스포츠·자동차 ,스포츠,tentama
2010,IT·스포츠·자동차 ,스포츠,sk91825
2010,IT·스포츠·자동차 ,스포츠,hidakaryo
2010,IT·스포츠·자동차 ,스포츠,ivanz
2010,IT·스포츠·자동차 ,스포츠,patriatman
2010,IT·스포츠·자동차 ,스포츠,muk1119
2010,IT·스포츠·자동차 ,스포츠,minkiza
2010,IT·스포츠·자동차 ,스포츠,generlst
2010,IT·스포츠·자동차 ,자동차,aojun3728
2010,IT·스포츠·자동차 ,자동차,kim5353
2010,IT·스포츠·자동차 ,자동차,kohaku3533
2010,IT·스포츠·자동차 ,자동차,nbarice
2010,IT·스포츠·자동차 ,자동차,ljh8681
2010,IT·스포츠·자동차 ,자동차,benet709
2010,IT·스포츠·자동차 ,자동차,qkrghdwns123
2010,IT·스포츠·자동차 ,자동차,joyrde
2010,IT·스포츠·자동차 ,자동차,motorblog
2010,IT·스포츠·자동차 ,자동차,quattro_rs4
2010,학술·시사·경제·교육,시사·인문·경제,daeshy1
2010,학술·시사·경제·교육,시사·인문·경제,yufei21
2010,학술·시사·경제·교육,시사·인문·경제,orichia
2010,학술·시사·경제·교육,시사·인문·경제,sjhannah
2010,학술·시사·경제·교육,시사·인문·경제,josephkwon
2010,학술·시사·경제·교육,시사·인문·경제,skim209
2010,학술·시사·경제·교육,시사·인문·경제,indizio
2010,학술·시사·경제·교육,시사·인문·경제,pamina7776
2010,학술·시사·경제·교육,시사·인문·경제,speralist
2010,학술·시사·경제·교육,시사·인문·경제,saintcomf
2010,학술·시사·경제·교육,시사·인문·경제,egg2rock
2010,학술·시사·경제·교육,시사·인문·경제,sellars
2010,학술·시사·경제·교육,시사·인문·경제,ybh820518
2010,학술·시사·경제·교육,시사·인문·경제,yekus
2010,학술·시사·경제·교육,시사·인문·경제,paxwonik
2010,학술·시사·경제·교육,시사·인문·경제,oneidjack
2010,학술·시사·경제·교육,시사·인문·경제,zzang1847
2010,학술·시사·경제·교육,시사·인문·경제,2009dongjin
2010,학술·시사·경제·교육,시사·인문·경제,cwjccwjc
2010,학술·시사·경제·교육,시사·인문·경제,ijrhee
2010,학술·시사·경제·교육,시사·인문·경제,yupspd
2010,요리·인테리어·DIY·뷰티,패션·뷰티,invu1657
2010,요리·인테리어·DIY·뷰티,패션·뷰티,arame07
2010,요리·인테리어·DIY·뷰티,패션·뷰티,llmement
2010,요리·인테리어·DIY·뷰티,패션·뷰티,swingfish
2010,요리·인테리어·DIY·뷰티,패션·뷰티,haruna85
2010,요리·인테리어·DIY·뷰티,패션·뷰티,adi1113
2010,요리·인테리어·DIY·뷰티,패션·뷰티,herbnoori
2010,요리·인테리어·DIY·뷰티,패션·뷰티,wkd03188
2010,요리·인테리어·DIY·뷰티,패션·뷰티,tonyforlife
2010,요리·인테리어·DIY·뷰티,패션·뷰티,weinnie
2010,요리·인테리어·DIY·뷰티,패션·뷰티,wktmals0728
2010,요리·인테리어·DIY·뷰티,패션·뷰티,alann
2010,요리·인테리어·DIY·뷰티,패션·뷰티,xhddur08
2010,요리·인테리어·DIY·뷰티,패션·뷰티,sbjh12345
2010,요리·인테리어·DIY·뷰티,패션·뷰티,olive67
2010,요리·인테리어·DIY·뷰티,패션·뷰티,hime0215
2010,요리·인테리어·DIY·뷰티,패션·뷰티,shoona85
2010,요리·인테리어·DIY·뷰티,패션·뷰티,gustosignore
2011,문화·예술 리뷰,드라마·방송,funkstyle
2011,문화·예술 리뷰,드라마·방송,hoja216
2011,문화·예술 리뷰,드라마·방송,film1982
2011,문화·예술 리뷰,만화·애니,sec1021
2011,문화·예술 리뷰,만화·애니,enterani
2011,문화·예술 리뷰,만화·애니,chinppo
2011,문화·예술 리뷰,만화·애니,dsay_as
2011,여행·레저·지역,등산·낚시·레저,microtools
2011,여행·레저·지역,등산·낚시·레저,ds2ldg
2011,여행·레저·지역,등산·낚시·레저,ironmank
2011,여행·레저·지역,등산·낚시·레저,jwsh88
2011,여행·레저·지역,등산·낚시·레저,lhl662
2011,맛집·식도락,맛집,bbinemo
2011,맛집·식도락,맛집,paperchan
2011,맛집·식도락,맛집,g0heaven
2011,맛집·식도락,맛집,zhidaole
2011,맛집·식도락,맛집,sunyen97
2011,맛집·식도락,맛집,begopa1092
2011,맛집·식도락,맛집,emotion100
2011,맛집·식도락,맛집,hikhi
2011,맛집·식도락,맛집,goldped
2011,맛집·식도락,맛집,mardukas
2011,맛집·식도락,맛집,dmdrkrha
2011,맛집·식도락,맛집,ryanjoh
2011,맛집·식도락,맛집,disse77
2011,맛집·식도락,맛집,lamp5861
2011,맛집·식도락,맛집,busanwhere
2011,맛집·식도락,맛집,symin67
2011,맛집·식도락,맛집,unicorns7
2011,맛집·식도락,맛집,ii222
2011,맛집·식도락,맛집,seyu2000
2011,맛집·식도락,맛집,alex514
2011,맛집·식도락,맛집,magiques
2011,맛집·식도락,맛집,psotoo
2011,맛집·식도락,맛집,ppk1730
2011,맛집·식도락,와인·술,emptyh
2011,맛집·식도락,와인·술,mmatom
2011,맛집·식도락,와인·술,darkbior
2011,맛집·식도락,차·커피·디저트,onsili
2011,맛집·식도락,차·커피·디저트,alizee8
2011,맛집·식도락,차·커피·디저트,ines011
2011,맛집·식도락,차·커피·디저트,bona98
2011,맛집·식도락,차·커피·디저트,whitepema
2011,맛집·식도락,차·커피·디저트,frankyou
2011,사진·창작·수집,사진,byhokim68
2011,사진·창작·수집,사진,korail77
2011,사진·창작·수집,사진,lightsout
2011,사진·창작·수집,사진,gotocheol
2011,사진·창작·수집,사진,amazonesja
2011,사진·창작·수집,사진,shany25
2011,사진·창작·수집,사진,garbeekr
2011,사진·창작·수집,사진,worusa0070
2011,사진·창작·수집,사진,jtown91
2011,사진·창작·수집,사진,naingeun
2011,사진·창작·수집,사진,jcmans
2011,사진·창작·수집,사진,nikkonman
2011,사진·창작·수집,사진,reason315
2011,사진·창작·수집,사진,kkeehwan
2011,사진·창작·수집,사진,kimkb87
2011,사진·창작·수집,사진,bluenova00
2011,사진·창작·수집,사진,73052611
2011,사진·창작·수집,사진,ichufs
2011,사진·창작·수집,사진,leesh438
2011,사진·창작·수집,사진,innokang
2011,사진·창작·수집,사진,joowon77
2011,사진·창작·수집,사진,ditodqpf
2011,사진·창작·수집,사진,coolpix5150
2011,IT·스포츠·자동차 ,IT·컴퓨터,virgin0909
2011,IT·스포츠·자동차 ,IT·컴퓨터,blue9954
2011,IT·스포츠·자동차 ,IT·컴퓨터,feena74
2011,IT·스포츠·자동차 ,IT·컴퓨터,todshrck
2011,IT·스포츠·자동차 ,IT·컴퓨터,speed2614
2011,IT·스포츠·자동차 ,IT·컴퓨터,mchan21
2011,IT·스포츠·자동차 ,IT·컴퓨터,radiobj5
2011,IT·스포츠·자동차 ,IT·컴퓨터,fstory97
2011,IT·스포츠·자동차 ,IT·컴퓨터,namfx
2011,IT·스포츠·자동차 ,스포츠,ljk2109
2011,IT·스포츠·자동차 ,스포츠,dickprod
2011,IT·스포츠·자동차 ,스포츠,goniijugo
2011,IT·스포츠·자동차 ,스포츠,acchaa
2011,IT·스포츠·자동차 ,스포츠,chweh1
2011,IT·스포츠·자동차 ,스포츠,kiltie999
2011,IT·스포츠·자동차 ,스포츠,ballfour
2011,IT·스포츠·자동차 ,스포츠,benet709
2011,IT·스포츠·자동차 ,스포츠,sk91825
2011,IT·스포츠·자동차 ,스포츠,joobhang
2011,IT·스포츠·자동차 ,스포츠,louie9118
2011,IT·스포츠·자동차 ,스포츠,ccead
2011,IT·스포츠·자동차 ,스포츠,ivanz
2011,IT·스포츠·자동차 ,스포츠,patriatman
2011,IT·스포츠·자동차 ,스포츠,rubbers0ul
2011,IT·스포츠·자동차 ,스포츠,minkiza
2011,IT·스포츠·자동차 ,스포츠,tmdghks3168
2011,IT·스포츠·자동차 ,스포츠,generlst
2011,IT·스포츠·자동차 ,자동차,aojun3728
2011,IT·스포츠·자동차 ,자동차,kim5353
2011,IT·스포츠·자동차 ,자동차,ljh8681
2011,IT·스포츠·자동차 ,자동차,joyrde
2011,IT·스포츠·자동차 ,자동차,motorblog
2011,IT·스포츠·자동차 ,자동차,quattro_rs4
2011,학술·시사·경제·교육,시사·인문·경제,daeshy1
2011,학술·시사·경제·교육,시사·인문·경제,hong8706
2011,학술·시사·경제·교육,시사·인문·경제,jjostonebird
2011,학술·시사·경제·교육,시사·인문·경제,sjhannah
2011,학술·시사·경제·교육,시사·인문·경제,josephkwon
2011,학술·시사·경제·교육,시사·인문·경제,skim209
2011,학술·시사·경제·교육,시사·인문·경제,indizio
2011,학술·시사·경제·교육,시사·인문·경제,speralist
2011,학술·시사·경제·교육,시사·인문·경제,saintcomf
2011,학술·시사·경제·교육,시사·인문·경제,imkcs0425
2011,학술·시사·경제·교육,시사·인문·경제,shalacho
2011,학술·시사·경제·교육,시사·인문·경제,ybh820518
2011,학술·시사·경제·교육,시사·인문·경제,yekus
2011,학술·시사·경제·교육,시사·인문·경제,paxwonik
2011,학술·시사·경제·교육,시사·인문·경제,cwjccwjc
2011,학술·시사·경제·교육,시사·인문·경제,ijrhee
2011,요리·인테리어·DIY·뷰티,패션·뷰티,nefangel
2011,요리·인테리어·DIY·뷰티,패션·뷰티,weinnie
2011,요리·인테리어·DIY·뷰티,패션·뷰티,wingzero5
2011,요리·인테리어·DIY·뷰티,패션·뷰티,alann
2011,요리·인테리어·DIY·뷰티,패션·뷰티,joohyeon94
2011,요리·인테리어·DIY·뷰티,패션·뷰티,olive67
2011,요리·인테리어·DIY·뷰티,패션·뷰티,gustosignore
2011,요리·인테리어·DIY·뷰티,패션·뷰티,sy_r
2011,요리·인테리어·DIY·뷰티,패션·뷰티,lenyjo
2012,문화·예술 리뷰,드라마·방송,funkstyle
2012,문화·예술 리뷰,드라마·방송,hoja216
2012,문화·예술 리뷰,드라마·방송,film1982
2012,문화·예술 리뷰,드라마·방송,violette00
2012,문화·예술 리뷰,드라마·방송,dustnrkff
2012,문화·예술 리뷰,만화·애니,enterani
2012,문화·예술 리뷰,만화·애니,chinppo
2012,문화·예술 리뷰,만화·애니,dsay_as
2012,여행·레저·지역,등산·낚시·레저,microtools
2012,여행·레저·지역,등산·낚시·레저,ds2ldg
2012,여행·레저·지역,등산·낚시·레저,jackieee
2012,여행·레저·지역,등산·낚시·레저,force_7
2012,여행·레저·지역,등산·낚시·레저,ironmank
2012,여행·레저·지역,등산·낚시·레저,kbbang81
2012,여행·레저·지역,등산·낚시·레저,madecolor
2012,여행·레저·지역,등산·낚시·레저,miao333
2012,여행·레저·지역,등산·낚시·레저,jwsh88
2012,맛집·식도락,맛집,kies84
2012,맛집·식도락,맛집,djkim74
2012,맛집·식도락,맛집,paperchan
2012,맛집·식도락,맛집,g0heaven
2012,맛집·식도락,맛집,dodoti
2012,맛집·식도락,맛집,jaedolls
2012,맛집·식도락,맛집,melburne
2012,맛집·식도락,맛집,hikhi
2012,맛집·식도락,맛집,goldped
2012,맛집·식도락,맛집,mardukas
2012,맛집·식도락,맛집,laputaa
2012,맛집·식도락,맛집,dmdrkrha
2012,맛집·식도락,맛집,disse77
2012,맛집·식도락,맛집,lamp5861
2012,맛집·식도락,맛집,busanwhere
2012,맛집·식도락,맛집,symin67
2012,맛집·식도락,맛집,abraxasblog
2012,맛집·식도락,맛집,ii222
2012,맛집·식도락,맛집,seyu2000
2012,맛집·식도락,맛집,kanggadin11
2012,맛집·식도락,맛집,alex514
2012,맛집·식도락,맛집,cjhdrin
2012,맛집·식도락,맛집,ppk1730
2012,맛집·식도락,맛집,pat2bach
2012,맛집·식도락,와인·술,emptyh
2012,맛집·식도락,와인·술,mmatom
2012,맛집·식도락,와인·술,darkbior
2012,맛집·식도락,차·커피·디저트,onsili
2012,맛집·식도락,차·커피·디저트,alizee8
2012,맛집·식도락,차·커피·디저트,ines011
2012,맛집·식도락,차·커피·디저트,bona98
2012,맛집·식도락,차·커피·디저트,whitepema
2012,맛집·식도락,차·커피·디저트,minja777711
2012,맛집·식도락,차·커피·디저트,sarah7908
2012,맛집·식도락,차·커피·디저트,9651046
2012,맛집·식도락,차·커피·디저트,frankyou
2012,맛집·식도락,차·커피·디저트,lunarisa
2012,사진·창작·수집,사진,maldive9
2012,사진·창작·수집,사진,byhokim68
2012,사진·창작·수집,사진,korail77
2012,사진·창작·수집,사진,lightsout
2012,사진·창작·수집,사진,sapawind
2012,사진·창작·수집,사진,jisan127
2012,사진·창작·수집,사진,gotocheol
2012,사진·창작·수집,사진,amazonesja
2012,사진·창작·수집,사진,netwide
2012,사진·창작·수집,사진,rina_1020
2012,사진·창작·수집,사진,jtown91
2012,사진·창작·수집,사진,naingeun
2012,사진·창작·수집,사진,another02
2012,사진·창작·수집,사진,herodkr
2012,사진·창작·수집,사진,jcmans
2012,사진·창작·수집,사진,nikkonman
2012,사진·창작·수집,사진,kkeehwan
2012,사진·창작·수집,사진,kimkb87
2012,사진·창작·수집,사진,bluenova00
2012,사진·창작·수집,사진,selyong02
2012,사진·창작·수집,사진,zayuboy
2012,사진·창작·수집,사진,73052611
2012,사진·창작·수집,사진,ichufs
2012,사진·창작·수집,사진,leesh438
2012,사진·창작·수집,사진,innokang
2012,사진·창작·수집,사진,bb00dd
2012,사진·창작·수집,사진,joowon77
2012,사진·창작·수집,사진,ygpk128
2012,사진·창작·수집,사진,ditodqpf
2012,IT·스포츠·자동차 ,IT·컴퓨터,redwave102
2012,IT·스포츠·자동차 ,IT·컴퓨터,blue9954
2012,IT·스포츠·자동차 ,IT·컴퓨터,feena74
2012,IT·스포츠·자동차 ,IT·컴퓨터,7andsoul
2012,IT·스포츠·자동차 ,IT·컴퓨터,dutni72
2012,IT·스포츠·자동차 ,IT·컴퓨터,dicagallery
2012,IT·스포츠·자동차 ,IT·컴퓨터,todshrck
2012,IT·스포츠·자동차 ,IT·컴퓨터,speed2614
2012,IT·스포츠·자동차 ,IT·컴퓨터,wixtm
2012,IT·스포츠·자동차 ,IT·컴퓨터,mchan21
2012,IT·스포츠·자동차 ,IT·컴퓨터,radiobj5
2012,IT·스포츠·자동차 ,IT·컴퓨터,fstory97
2012,IT·스포츠·자동차 ,IT·컴퓨터,leehyekang
2012,IT·스포츠·자동차 ,IT·컴퓨터,namfx
2012,IT·스포츠·자동차 ,스포츠,ljk2109
2012,IT·스포츠·자동차 ,스포츠,dickprod
2012,IT·스포츠·자동차 ,스포츠,woksusu
2012,IT·스포츠·자동차 ,스포츠,goniijugo
2012,IT·스포츠·자동차 ,스포츠,acchaa
2012,IT·스포츠·자동차 ,스포츠,rknavy
2012,IT·스포츠·자동차 ,스포츠,chweh1
2012,IT·스포츠·자동차 ,스포츠,kiltie999
2012,IT·스포츠·자동차 ,스포츠,benet709
2012,IT·스포츠·자동차 ,스포츠,chinadrum
2012,IT·스포츠·자동차 ,스포츠,ccead
2012,IT·스포츠·자동차 ,스포츠,ivanz
2012,IT·스포츠·자동차 ,스포츠,patriatman
2012,IT·스포츠·자동차 ,스포츠,minkiza
2012,IT·스포츠·자동차 ,스포츠,tmdghks3168
2012,IT·스포츠·자동차 ,스포츠,kgj03
2012,IT·스포츠·자동차 ,스포츠,generlst
2012,IT·스포츠·자동차 ,자동차,aojun3728
2012,IT·스포츠·자동차 ,자동차,kim5353
2012,IT·스포츠·자동차 ,자동차,nbarice
2012,IT·스포츠·자동차 ,자동차,ljh8681
2012,IT·스포츠·자동차 ,자동차,haeinsammae
2012,IT·스포츠·자동차 ,자동차,joyrde
2012,IT·스포츠·자동차 ,자동차,motorblog
2012,IT·스포츠·자동차 ,자동차,quattro_rs4
2012,학술·시사·경제·교육,시사·인문·경제,choiys1989
2012,학술·시사·경제·교육,시사·인문·경제,hong8706
2012,학술·시사·경제·교육,시사·인문·경제,sjhannah
2012,학술·시사·경제·교육,시사·인문·경제,josephkwon
2012,학술·시사·경제·교육,시사·인문·경제,icarus0209
2012,학술·시사·경제·교육,시사·인문·경제,5goldenpig
2012,학술·시사·경제·교육,시사·인문·경제,indizio
2012,학술·시사·경제·교육,시사·인문·경제,speralist
2012,학술·시사·경제·교육,시사·인문·경제,saintcomf
2012,학술·시사·경제·교육,시사·인문·경제,imkcs0425
2012,학술·시사·경제·교육,시사·인문·경제,shalacho
2012,요리·인테리어·DIY·뷰티,패션·뷰티,weinnie
2012,요리·인테리어·DIY·뷰티,패션·뷰티,wingzero5
2012,요리·인테리어·DIY·뷰티,패션·뷰티,joohyeon94
2012,요리·인테리어·DIY·뷰티,패션·뷰티,gustosignore
2012,요리·인테리어·DIY·뷰티,패션·뷰티,sy_r
2012,요리·인테리어·DIY·뷰티,패션·뷰티,lenyjo
2013,문화·예술 리뷰,드라마·방송,arahi428
2013,문화·예술 리뷰,드라마·방송,hoja216
2013,문화·예술 리뷰,드라마·방송,dustnrkff
2013,문화·예술 리뷰,만화·애니,enterani
2013,문화·예술 리뷰,만화·애니,dsay_as
2013,여행·레저·지역,등산·낚시·레저,sangil00
2013,여행·레저·지역,등산·낚시·레저,microtools
2013,여행·레저·지역,등산·낚시·레저,ds2ldg
2013,여행·레저·지역,등산·낚시·레저,man9855
2013,여행·레저·지역,등산·낚시·레저,kosh9767
2013,여행·레저·지역,등산·낚시·레저,ka8564
2013,여행·레저·지역,등산·낚시·레저,bwgo638
2013,맛집·식도락,맛집,paperchan
2013,맛집·식도락,맛집,g0heaven
2013,맛집·식도락,맛집,sunyen97
2013,맛집·식도락,맛집,ssojupa68
2013,맛집·식도락,맛집,gaogaiga2000
2013,맛집·식도락,맛집,lamp5861
2013,맛집·식도락,맛집,kanggadin11
2013,맛집·식도락,맛집,cjhdrin
2013,맛집·식도락,맛집,pat2bach
2013,맛집·식도락,와인·술,mmatom
2013,맛집·식도락,와인·술,darkbior
2013,맛집·식도락,차·커피·디저트,onsili
2013,맛집·식도락,차·커피·디저트,namu0808
2013,맛집·식도락,차·커피·디저트,kyoonsun7
2013,맛집·식도락,차·커피·디저트,minja777711
2013,맛집·식도락,차·커피·디저트,sarah7908
2013,맛집·식도락,차·커피·디저트,mintsorbet07
2013,맛집·식도락,차·커피·디저트,esfreak
2013,사진·창작·수집,사진,twinkia
2013,사진·창작·수집,사진,jineunjoo502
2013,사진·창작·수집,사진,singunji
2013,사진·창작·수집,사진,biztv
2013,사진·창작·수집,사진,ph2613
2013,사진·창작·수집,사진,ktbong00
2013,사진·창작·수집,사진,gotocheol
2013,사진·창작·수집,사진,maizon
2013,사진·창작·수집,사진,amazonesja
2013,사진·창작·수집,사진,netwide
2013,사진·창작·수집,사진,offlove
2013,사진·창작·수집,사진,yolizori
2013,사진·창작·수집,사진,lisasim70
2013,사진·창작·수집,사진,kwonkh4477
2013,사진·창작·수집,사진,toziwa
2013,사진·창작·수집,사진,jsryu386
2013,사진·창작·수집,사진,herodkr
2013,사진·창작·수집,사진,nikkonman
2013,사진·창작·수집,사진,schatje
2013,사진·창작·수집,사진,jusin333
2013,사진·창작·수집,사진,kkeehwan
2013,사진·창작·수집,사진,dmz0911
2013,사진·창작·수집,사진,73052611
2013,사진·창작·수집,사진,clsign
2013,사진·창작·수집,사진,imck81
2013,IT·스포츠·자동차 ,IT·컴퓨터,blue9954
2013,IT·스포츠·자동차 ,IT·컴퓨터,radiobj5
2013,IT·스포츠·자동차 ,스포츠,ljk2109
2013,IT·스포츠·자동차 ,스포츠,blackmore62
2013,IT·스포츠·자동차 ,스포츠,goniijugo
2013,IT·스포츠·자동차 ,스포츠,acchaa
2013,IT·스포츠·자동차 ,스포츠,politicalrap
2013,IT·스포츠·자동차 ,스포츠,benet709
2013,IT·스포츠·자동차 ,스포츠,chinadrum
2013,IT·스포츠·자동차 ,스포츠,tentama
2013,IT·스포츠·자동차 ,스포츠,choi9036903
2013,IT·스포츠·자동차 ,스포츠,patriatman
2013,IT·스포츠·자동차 ,스포츠,zizizico
2013,IT·스포츠·자동차 ,스포츠,kgj03
2013,IT·스포츠·자동차 ,자동차,happybass1
2013,IT·스포츠·자동차 ,자동차,ogn0120
2013,IT·스포츠·자동차 ,자동차,quattro_rs4
2013,학술·시사·경제·교육,시사·인문·경제,hong8706
2013,학술·시사·경제·교육,시사·인문·경제,josephkwon
2013,학술·시사·경제·교육,시사·인문·경제,saintcomf
2013,학술·시사·경제·교육,시사·인문·경제,imkcs0425
2013,학술·시사·경제·교육,시사·인문·경제,fishes1272
2014,문화·예술 리뷰,드라마·방송,arahi428
2014,문화·예술 리뷰,드라마·방송,hoja216
2014,문화·예술 리뷰,드라마·방송,dustnrkff
2014,문화·예술 리뷰,만화·애니,enterani
2014,문화·예술 리뷰,만화·애니,dsay_as
2014,여행·레저·지역,등산·낚시·레저,microtools
2014,여행·레저·지역,등산·낚시·레저,man9855
2014,여행·레저·지역,등산·낚시·레저,kosh9767
2014,여행·레저·지역,등산·낚시·레저,ka8564
2014,맛집·식도락,맛집,djkim74
2014,맛집·식도락,맛집,g0heaven
2014,맛집·식도락,맛집,sunyen97
2014,맛집·식도락,맛집,phjsunflower
2014,맛집·식도락,맛집,gaogaiga2000
2014,맛집·식도락,맛집,lamp5861
2014,맛집·식도락,맛집,cmykhc
2014,맛집·식도락,와인·술,mmatom
2014,맛집·식도락,와인·술,darkbior
2014,맛집·식도락,차·커피·디저트,namu0808
2014,사진·창작·수집,사진,twinkia
2014,사진·창작·수집,사진,byhokim68
2014,사진·창작·수집,사진,sapawind
2014,사진·창작·수집,사진,netwide
2014,사진·창작·수집,사진,sangs2
2014,사진·창작·수집,사진,worusa0070
2014,사진·창작·수집,사진,kwonkh4477
2014,사진·창작·수집,사진,naingeun
2014,사진·창작·수집,사진,toziwa
2014,사진·창작·수집,사진,jsryu386
2014,사진·창작·수집,사진,jusin333
2014,IT·스포츠·자동차 ,IT·컴퓨터,blue9954
2014,IT·스포츠·자동차 ,IT·컴퓨터,ynr007
2014,IT·스포츠·자동차 ,IT·컴퓨터,radiobj5
2014,IT·스포츠·자동차 ,스포츠,ljk2109
2014,IT·스포츠·자동차 ,스포츠,blackmore62
2014,IT·스포츠·자동차 ,스포츠,piggybankm
2014,IT·스포츠·자동차 ,스포츠,goniijugo
2014,IT·스포츠·자동차 ,스포츠,acchaa
2014,IT·스포츠·자동차 ,스포츠,tentama
2014,IT·스포츠·자동차 ,스포츠,kgj03
2014,IT·스포츠·자동차 ,자동차,cogram
2014,IT·스포츠·자동차 ,자동차,happybass1
2014,IT·스포츠·자동차 ,자동차,ogn0120
2014,학술·시사·경제·교육,시사·인문·경제,fishes1272
2014,학술·시사·경제·교육,시사·인문·경제,hong8706
2014,학술·시사·경제·교육,시사·인문·경제,josephkwon
2014,학술·시사·경제·교육,시사·인문·경제,imkcs0425
2014,요리·인테리어·DIY·뷰티,패션·뷰티,sr531
2014,요리·인테리어·DIY·뷰티,패션·뷰티,muchdazzling
2016-6,,만화·애니,fjdkeivn
2016-6,,만화·애니,undernation
2016-6,,만화·애니,qorskawn5
2016-6,,만화·애니,ddxzzx
2016-6,,만화·애니,gnsl1565
2016-6,,만화·애니,boomer27
2016-6,,만화·애니,goooodzz
2016-6,,만화·애니,28686
2016-6,,만화·애니,rookiez1
2016-6,,만화·애니,wwlsqkd11
2016-6,,만화·애니,roi_blog
2016-6,,만화·애니,qnahsladml
2016-6,,만화·애니,gjtjdwo6543
2016-6,,만화·애니,quswodnd777
2016-6,,만화·애니,requiem8511
2016-6,,만화·애니,make52
2016-6,,만화·애니,orto_0220
2016-6,,만화·애니,ainy_27
2016-6,,만화·애니,manjoongkimm
2016-6,,교육·학문,alth814
2016-6,,교육·학문,bhjang3
2016-6,,교육·학문,magician_e
2016-6,,교육·학문,gksthfah96
2016-6,,교육·학문,gongsin_com
2016-6,,교육·학문,kingofnsb
2016-6,,교육·학문,jnanna89
2016-6,,교육·학문,genetic2002
2016-6,,교육·학문,332xoj
2016-6,,교육·학문,starletzzang
2016-6,,교육·학문,nsandyk
2016-6,,교육·학문,alwaysneoi
2016-6,,교육·학문,mathfreedom
2016-6,,교육·학문,ryu2306
2016-6,,교육·학문,thgus1104
2016-6,,교육·학문,kymin2453
2016-6,,교육·학문,bigjerry
2016-6,,교육·학문,numbersam
2016-6,,교육·학문,eji0505
2016-6,,교육·학문,imkeyman
2016-7,,공연·전시,venice87
2016-7,,공연·전시,mayjayblues
2016-7,,공연·전시,gongjeon21
2016-7,,공연·전시,warnilart
2016-7,,공연·전시,jaeminski
2016-7,,공연·전시,ham1887
2016-7,,공연·전시,splaybill
2016-7,,공연·전시,fpcp2010
2016-7,,공연·전시,cu1985
2016-7,,공연·전시,pccekorea
2016-7,,공연·전시,dlqudwlsasas
2016-7,,공연·전시,kimsso333
2016-7,,공연·전시,sy004600
2016-7,,공연·전시,kssmadang
2016-7,,공연·전시,urbanpoly
2016-7,,공연·전시,kimri333
2016-7,,공연·전시,boteroart
2016-7,,공연·전시,dancemomm
2016-7,,공연·전시,lika202
2016-7,,공연·전시,seoul284
2016-7,,국내여행,8302yang
2016-7,,국내여행,jkminiss
2016-7,,국내여행,bk32167
2016-7,,국내여행,youngrb
2016-7,,국내여행,bnbmoh
2016-7,,국내여행,jongsulim
2016-7,,국내여행,dailytalk_hy
2016-7,,국내여행,overroad89
2016-7,,국내여행,suk4408
2016-7,,국내여행,korea_diary
2016-7,,국내여행,iloveknp
2016-7,,국내여행,kfv1974
2016-7,,국내여행,happyjejudo
2016-7,,국내여행,daichung
2016-7,,국내여행,ddawndew
2016-7,,국내여행,sandcastle44
2016-7,,국내여행,woo4132
2016-7,,국내여행,nailstan
2016-7,,국내여행,sakaman
2016-8,,IT·컴퓨터,red2black
2016-8,,IT·컴퓨터,iwebmania
2016-8,,IT·컴퓨터,bizzy78
2016-8,,IT·컴퓨터,kwy3000
2016-8,,IT·컴퓨터,paust21
2016-8,,IT·컴퓨터,gma_spiker
2016-8,,IT·컴퓨터,am4410
2016-8,,IT·컴퓨터,rmsals1211
2016-8,,IT·컴퓨터,need97
2016-8,,IT·컴퓨터,jjanggu327
2016-8,,IT·컴퓨터,mchoi0602
2016-8,,IT·컴퓨터,utopia_11
2016-8,,IT·컴퓨터,dark861007
2016-8,,IT·컴퓨터,appifystudio
2016-8,,스포츠,denuer2
2016-8,,스포츠,wakai99
2016-8,,스포츠,woksusu
2016-8,,스포츠,lebronj23
2016-8,,스포츠,alena33
2016-8,,스포츠,mechanicfox
2016-8,,스포츠,kusf_sport
2016-8,,스포츠,thsdhrhdgpds
2016-8,,스포츠,jeonhuj
2016-8,,스포츠,chiii9
2016-8,,스포츠,ljk2109
2016-8,,스포츠,choics79
2016-8,,스포츠,arter80
2016-8,,스포츠,fca2011
2016-8,,스포츠,theoneph
2016-8,,스포츠,pinmanix
2016-8,,스포츠,sinill17
2016-8,,스포츠,stopwook15
2016-8,,스포츠,noperty
2016-8,,건강·의학,ra7575
2016-8,,건강·의학,staroot99
2016-8,,건강·의학,nancyhomegym
2016-8,,건강·의학,chanelyun
2016-8,,건강·의학,kahp_blog
2016-8,,건강·의학,ckato772
2016-8,,건강·의학,nsekjm
2016-8,,건강·의학,amarex
2016-8,,건강·의학,deslun
2016-8,,건강·의학,hs_kuma
2016-8,,건강·의학,healingschl
2016-8,,건강·의학,cancer_info
2016-8,,건강·의학,atopyclinic
2016-8,,건강·의학,dsheokr
2016-8,,건강·의학,gonjo98
2016-8,,건강·의학,ssoogi1973
2016-8,,건강·의학,kcdc_allthat
2016-8,,건강·의학,dana628
2016-8,,건강·의학,seoulvitamin
2016-8,,건강·의학,win_chan
2016-9,,맛집,magicnmagic
2016-9,,맛집,kh750
2016-9,,맛집,mkdkrk
2016-9,,맛집,sunjung0407
2016-9,,맛집,pmy3676
2016-9,,맛집,halel1226
2016-9,,맛집,howmanyroads
2016-9,,맛집,jrgift
2016-9,,맛집,for2003
2016-9,,맛집,lovelysuns
2016-9,,맛집,zephyr122059
2016-9,,맛집,tastesherlok
2016-9,,맛집,mcm2922
2016-9,,맛집,hanbada_02
2016-9,,맛집,hongik9016
2016-9,,맛집,ge9933
2016-9,,맛집,jancangi
2016-9,,맛집,do0609
2016-9,,맛집,faori2
2016-9,,맛집,honeypen
2016-9,,사진,si87844
2016-9,,사진,dakto
2016-9,,사진,suntill0210
2016-9,,사진,fromairplane
2016-9,,사진,rsmvf
2016-9,,사진,mook3131
2016-9,,사진,bjstour
2016-9,,사진,sabids
2016-9,,사진,seungwook74
2016-9,,사진,gomsini
2016-9,,사진,bhy1468
2016-9,,사진,sawtiger
2016-9,,사진,forsol2
2016-9,,사진,dume0000
2016-9,,사진,paganini5754
2016-9,,사진,soso3620
2016-9,,사진,kimpd21
2016-9,,사진,pobiris
2016-9,,사진,factorno1
2016-9,,사진,kdho21
2016-9,,사진,hk_kim_kor
2016-9,,사진,lumenkbj
2016-10,,자동차,offerkiss
2016-10,,자동차,ldriver
2016-10,,자동차,zera80
2016-10,,자동차,siteyoun
2016-10,,자동차,limjino
2016-10,,자동차,ddegari
2016-10,,자동차,hyunterks
2016-10,,자동차,mbastudy
2016-10,,자동차,kksh0211
2016-10,,자동차,ksg460
2016-12,,만화·애니,batman691
2016-12,,만화·애니,kws3128pdm
2016-12,,만화·애니,clwmalsl
2016-12,,만화·애니,sungho5080
2016-12,,만화·애니,akwwid
2016-12,,만화·애니,cat5088
2016-12,,만화·애니,jihyeon1209
2016-12,,만화·애니,ithwlsi55
2016-12,,만화·애니,yui80800
2016-12,,만화·애니,hanihani517
2016-12,,만화·애니,clxk5226
2016-12,,만화·애니,wwlsqkd11
2016-12,,만화·애니,cwy1111
2016-12,,만화·애니,sdng7777
2016-12,,만화·애니,rlaalswns503
2016-12,,만화·애니,chb115
2016-12,,만화·애니,pbadi
2016-12,,만화·애니,sonoban1101
2016-12,,만화·애니,cys3848
2016-12,,만화·애니,jia_10
2016-12,,교육·학문,9594jh
2016-12,,교육·학문,roboholic84
2016-12,,교육·학문,kwank99
2016-12,,교육·학문,clee20000
2016-12,,교육·학문,jihorak4u
2016-12,,교육·학문,kangreading
2016-12,,교육·학문,assistors
2016-12,,교육·학문,iris0524
2016-12,,교육·학문,livwilly
2016-12,,교육·학문,hodujang
2016-12,,교육·학문,david6703
2016-12,,교육·학문,tntbyj
2016-12,,교육·학문,h_king1
2016-12,,교육·학문,sohoja
2016-12,,교육·학문,quantumkim
2017-1,,공연·전시,foto3570
2017-1,,공연·전시,cherrypuddin
2017-1,,공연·전시,sisatoday35
2017-1,,공연·전시,ys92king
2017-1,,공연·전시,ohy8366
2017-1,,공연·전시,writerjina
2017-1,,공연·전시,chococat103
2017-1,,공연·전시,seyun8
2017-1,,공연·전시,zxninja
2017-1,,공연·전시,marck11
2017-1,,공연·전시,jojako
2017-1,,공연·전시,purinnn
2017-1,,공연·전시,ksballet
2017-1,,국내여행,gagamal010
2017-1,,국내여행,binsuk8
2017-1,,국내여행,bk85219
2017-1,,국내여행,tjdrhd3030
2017-1,,국내여행,rockyu205
2017-1,,국내여행,spa7981
2017-1,,국내여행,austinwine
2017-1,,국내여행,tourandstory
2017-1,,국내여행,yongkil306
2017-1,,국내여행,myunghashin
2017-1,,국내여행,kkwd0009
2017-1,,국내여행,searover2
2017-1,,국내여행,seoldj
2017-1,,국내여행,getz6533
2017-1,,국내여행,sosin45
2017-1,,국내여행,avoltath
2017-1,,국내여행,panicsio
2017-1,,국내여행,ewanblue
2017-1,,국내여행,real_aniry
2017-1,,국내여행,lmjm1000
2017-2,,스포츠,doragoon
2017-2,,스포츠,ncckjh
2017-2,,스포츠,cool2404
2017-2,,스포츠,sukmooi
2017-2,,스포츠,barusurf
2017-2,,스포츠,dreamskier
2017-2,,스포츠,trans9876
2017-2,,스포츠,djdoo1025
2017-2,,스포츠,winz1
2017-2,,스포츠,hong7088
2017-2,,스포츠,sonicjk82
2017-2,,스포츠,bravotk
2017-2,,스포츠,dust1476
2017-2,,스포츠,vsbears
2017-2,,스포츠,woonjc3750
2017-2,,스포츠,akino_
2017-2,,스포츠,longestking
2017-2,,스포츠,verdian
2017-2,,스포츠,mips2000
2017-2,,스포츠,spm0808
2017-2,,건강·의학,honginsuranc
2017-2,,건강·의학,sjloveu2
2017-2,,건강·의학,happymedicalwriter
2017-2,,건강·의학,khsmg
2017-2,,건강·의학,lixxy
2017-2,,건강·의학,science815
2017-2,,건강·의학,fitology
2017-2,,건강·의학,dr_heart
2017-2,,건강·의학,99dkdk
2017-2,,건강·의학,jarami04
2017-2,,건강·의학,hyouncho2
2017-2,,건강·의학,ipudo
2017-2,,건강·의학,kkokkottung
2017-2,,건강·의학,kidzfood
2017-2,,건강·의학,j60519
2017-3,,육아·결혼,year0321
2017-3,,육아·결혼,ghktktkfkd
2017-3,,육아·결혼,borateach
2017-3,,육아·결혼,yubini9879
2017-3,,육아·결혼,soonsung99
2017-3,,육아·결혼,79hjr
2017-3,,육아·결혼,sweetblue486
2017-3,,육아·결혼,gksk3623
2017-3,,육아·결혼,thegoodday7
2017-3,,육아·결혼,rladmstp08
2017-3,,육아·결혼,limpia1
2017-3,,육아·결혼,arisa4u
2017-3,,육아·결혼,chunjae_book
2017-4,,맛집,hi_angie
2017-4,,맛집,ozzy555
2017-4,,맛집,applemint75
2017-4,,맛집,sweetmocha77
2017-4,,맛집,ino111
2017-4,,맛집,dipdidip
2017-4,,맛집,latry
2017-4,,맛집,mogura81
2017-4,,맛집,wnsghdudwls
2017-4,,맛집,hjjhlee
2017-4,,맛집,rockview
2017-4,,맛집,nono1114
2017-4,,맛집,woojoo90
2017-4,,맛집,gleean
2017-4,,맛집,loyhve310
2017-4,,사진,10hsl
2017-4,,사진,robot179
2017-4,,사진,qwertt555
2017-4,,사진,nwp321
2017-4,,사진,wkdtks018
2017-4,,사진,kumsan97
2017-4,,사진,uslee3232
2017-4,,사진,hyeng19
2017-4,,사진,kangchung
2017-4,,사진,otterkang
2017-4,,사진,pamoon
2017-4,,사진,somana
2017-4,,사진,foxbond
2017-4,,사진,yshwa
2017-4,,사진,dmlgml76
2017-4,,사진,lovessym
2017-4,,사진,rakadia
2017-4,,사진,coweb
2017-4,,사진,kigg55
2017-4,,사진,gugu1226
2017-5,,자동차,k5936
2017-5,,자동차,gerrytiger
2017-5,,자동차,leno0215
2017-5,,자동차,lanosgt
2017-5,,자동차,aldehyde7
2017-5,,자동차,12alsgud13
2017-5,,자동차,ktftest
2017-5,,자동차,abctire1
2017-5,,자동차,saintgus
2017-5,,자동차,mars4565
2017-5,,자동차,bae6461
2017-5,,자동차,kdw0313
2017-5,,자동차,ubin1024
2017-5,,자동차,nix8008
2017-5,,자동차,hdshin7
2017-5,,자동차,kw0010
2017-5,,자동차,djnice2503
2017-5,,자동차,kmnnews
2017-5,,자동차,wn3838
2017-5,,자동차,nichadogear
2017-7,,국내여행,ksojune
2017-7,,국내여행,esilvia
2017-7,,국내여행,skyung0512
2017-7,,국내여행,ssolonsun
2017-7,,국내여행,kwpjulie
2017-7,,국내여행,iamromy
2017-7,,국내여행,rjsfud1015
2017-7,,국내여행,dkzdmom
2017-7,,국내여행,lyu1388
2017-7,,국내여행,hanjun66
2017-7,,국내여행,tcacyc
2017-7,,국내여행,junhyuk_abba
2017-7,,국내여행,lechy
2017-7,,국내여행,hesperus_10
2017-7,,국내여행,skyline622
2017-7,,국내여행,cognos57
2017-7,,국내여행,sfoot
2017-7,,국내여행,bbobbo790
2017-8,,스포츠,alfmdody
2017-8,,스포츠,crazy828282
2017-8,,스포츠,double_bogey
2017-8,,스포츠,simjaeduk100
2017-8,,스포츠,pisakim
2017-8,,스포츠,tamy2191
2017-8,,스포츠,idylos
2017-8,,스포츠,bikely
2017-8,,스포츠,zelkobaray
2017-8,,스포츠,moon6409
2017-8,,스포츠,mmafitness
2017-8,,스포츠,01194793386
2017-8,,스포츠,91jiho
2017-8,,스포츠,yonghwi1
2017-8,,스포츠,jababa74
2017-9,,육아·결혼,gebera12
2017-9,,육아·결혼,sk5450
2017-9,,육아·결혼,withou122
2017-9,,육아·결혼,chfusl417
2017-9,,육아·결혼,jyy2885
2017-9,,육아·결혼,artique_jeje
2017-9,,육아·결혼,abirdcage
2017-9,,육아·결혼,bsbm80
2017-9,,육아·결혼,sorry3606
2017-9,,육아·결혼,khjsky14
2017-9,,육아·결혼,lucky77angel
2017-9,,육아·결혼,easy102502
2017-9,,육아·결혼,baby93633
2017-9,,육아·결혼,ho_youn1027
2017-9,,육아·결혼,greyvixen
2017-9,,육아·결혼,msstar80
2017-9,,육아·결혼,smile_ys
2017-9,,육아·결혼,eshukina
2017-9,,건강·의학,boki3838
2017-9,,건강·의학,thkim0511
2017-9,,건강·의학,payer83
2017-9,,건강·의학,esther_153
2017-9,,건강·의학,singiru0110
2017-9,,건강·의학,himchanhol
2017-9,,건강·의학,woong9971
2017-9,,건강·의학,logindrug
2017-9,,건강·의학,healinganto
2017-9,,건강·의학,oktopgme13
2017-9,,건강·의학,originhcc
2017-9,,건강·의학,musclelife1
2017-9,,건강·의학,nrs0224
2017-9,,건강·의학,forally
2017-9,,건강·의학,youn9090
2017-9,,건강·의학,ddsyjk
2017-9,,건강·의학,healthcrew
2017-10,,사진,inmagoong
2017-10,,사진,somdari496
2017-10,,사진,kimyd4100
2017-10,,사진,day3737
2017-10,,사진,trazetgood
2017-10,,사진,seonseop0
2017-10,,사진,shfurgkwk70
2017-10,,사진,benever
2017-10,,사진,readion76
2017-10,,사진,fatale5894
2017-10,,사진,joycook53
2017-10,,사진,strongarmrev
2017-10,,사진,heajinp1004
2017-10,,사진,kyy4197
2017-10,,사진,naranggrang
2017-10,,사진,smelt333
2017-10,,사진,bmin32
2017-10,,사진,youuup2
2017-10,,사진,aaaa123krkr
2017-11,,IT·컴퓨터,foolhun3
2017-11,,IT·컴퓨터,cosmosjs
2017-11,,IT·컴퓨터,krazymouse
2017-11,,IT·컴퓨터,bonamy
2017-11,,IT·컴퓨터,seok830621
2017-11,,IT·컴퓨터,ldenol
2017-11,,IT·컴퓨터,gungang2015
2017-11,,IT·컴퓨터,chandong83
2017-11,,IT·컴퓨터,ruvendix
2017-11,,IT·컴퓨터,dartplus
2017-11,,IT·컴퓨터,stop2y
2017-11,,IT·컴퓨터,skyvvv624
2017-11,,IT·컴퓨터,ndb796
2017-11,,IT·컴퓨터,koroma
2017-11,,IT·컴퓨터,cubloc
2017-11,,IT·컴퓨터,pjh445
2017-11,,IT·컴퓨터,kmsoft
2017-11,,IT·컴퓨터,liberty264
2017-12,,공연·전시,mys2k
2017-12,,공연·전시,piiin
2017-12,,공연·전시,okpojang
2017-12,,공연·전시,lovelylife7
2017-12,,공연·전시,julieintoday
2017-12,,공연·전시,ferieo
2017-12,,공연·전시,jekwon98
2017-12,,공연·전시,iss003
2017-12,,공연·전시,h_camerata
2017-12,,공연·전시,dgartfactory
2017-12,,공연·전시,miraewomen
2017-12,,공연·전시,conan6022
2017-12,,공연·전시,ostw
2017-12,,공연·전시,kimjiho9023
2017-12,,공연·전시,madeinshin
2017-12,,공연·전시,wkd1029
2017-12,,공연·전시,ryyo
2017-12,,공연·전시,noongamgo
2017-12,,공연·전시,synthelove
2017-12,,공연·전시,saemso
2018-1,,자동차,kpgg00
2018-1,,자동차,polo2030
2018-1,,자동차,krvista
2018-1,,자동차,erinlove776
2018-1,,자동차,ohjunkwon
2018-1,,자동차,projectlp
2018-1,,자동차,realborn
2018-1,,자동차,hoofer2000
2018-1,,자동차,juny402
2018-1,,자동차,tnghks418
2018-1,,자동차,kys0323love
2018-1,,자동차,airbonelkh
2018-1,,자동차,ylk7post
2018-1,,자동차,r0kk4ng
2018-1,,자동차,racer_r1
2018-1,,자동차,ziziana0316
2018-1,,자동차,edit_factory
2018-1,,자동차,janghyo777
2018-1,,자동차,borntohack
2018-1,,자동차,cmania2000
2018-2,,스포츠,intime5
2018-2,,스포츠,jbae137
2018-2,,스포츠,junxpapa
2018-2,,스포츠,quercus
2018-2,,스포츠,hwarang530
2018-2,,스포츠,scobang
2018-2,,스포츠,samchange
2018-2,,스포츠,mhyoon84
2018-2,,스포츠,jgjj7116
2018-2,,스포츠,manjok1986
2018-2,,스포츠,gahnghah
2018-2,,스포츠,squashtalk
2018-2,,스포츠,u_suke
2018-2,,스포츠,chanhoo1128
2018-2,,스포츠,jiujitsulab
2018-2,,스포츠,choi7571
2018-3,,만화·애니,kmj427307
2018-3,,만화·애니,the_97
2018-3,,만화·애니,hdraik7
2018-3,,만화·애니,yksc45cc
2018-3,,만화·애니,steal12
2018-3,,만화·애니,ehdeoak
2018-3,,만화·애니,inband
2018-3,,만화·애니,897jos
2018-3,,만화·애니,taehu12
2018-3,,만화·애니,walkcabbage
2018-3,,만화·애니,goyangyi1989
2018-3,,만화·애니,aclecy
2018-3,,만화·애니,heanmop0717
2018-3,,만화·애니,prince309
2018-3,,교육·학문,koreanbdj
2018-3,,교육·학문,pharmd0808
2018-3,,교육·학문,rhkrtjdaks1
2018-3,,교육·학문,fldjfekzb
2018-3,,교육·학문,twins0114
2018-3,,교육·학문,u2math
2018-3,,교육·학문,papers
2018-3,,교육·학문,golaputa
2018-3,,교육·학문,yh6613
2018-3,,교육·학문,cherry2holic
2018-3,,교육·학문,taxandlove
2018-3,,교육·학문,posting1004
2018-3,,교육·학문,gs_jmin97
2018-3,,교육·학문,soulrocker
2018-3,,교육·학문,mirading227
2018-4,,국내여행,suheeryu
2018-4,,국내여행,bl85219
2018-4,,국내여행,kooni
2018-4,,국내여행,sodan4
2018-4,,국내여행,mmundi
2018-4,,국내여행,risapa
2018-4,,국내여행,logenjjem
2018-4,,국내여행,elkjbc
2018-4,,국내여행,snslive
2018-4,,국내여행,ydl1
